{
	"_id" : ObjectId("5a34dc6031d9490d3483edbc"),
	"city" : "上海",
	"data" : [
		{
			"value" : NumberInt("155"),
			"name" : "3-5年"
		},
		{
			"value" : NumberInt("83"),
			"name" : "1-3年"
		},
		{
			"value" : NumberInt("37"),
			"name" : "5-10年"
		},
		{
			"value" : NumberInt("9"),
			"name" : "经验不限"
		},
		{
			"value" : NumberInt("9"),
			"name" : "1年以内"
		},
		{
			"value" : NumberInt("4"),
			"name" : "应届生"
		}
	],
	"subtext" : "基于297条招聘信息 (2017-12-16更新)",
	"type" : "workyear",
	"updated_at" : "2017-12-16 16:42:08"
},
{
	"_id" : ObjectId("5a34dc6031d9490d3483edbd"),
	"city" : "北京",
	"data" : [
		{
			"value" : NumberInt("143"),
			"name" : "3-5年"
		},
		{
			"value" : NumberInt("60"),
			"name" : "1-3年"
		},
		{
			"value" : NumberInt("52"),
			"name" : "5-10年"
		},
		{
			"value" : NumberInt("28"),
			"name" : "经验不限"
		},
		{
			"value" : NumberInt("7"),
			"name" : "1年以内"
		},
		{
			"value" : NumberInt("6"),
			"name" : "应届生"
		}
	],
	"subtext" : "基于296条招聘信息 (2017-12-16更新)",
	"type" : "workyear",
	"updated_at" : "2017-12-16 16:42:08"
},
{
	"_id" : ObjectId("5a34dc6031d9490d3483edbe"),
	"city" : "广州",
	"data" : [
		{
			"value" : NumberInt("140"),
			"name" : "1-3年"
		},
		{
			"value" : NumberInt("99"),
			"name" : "3-5年"
		},
		{
			"value" : NumberInt("23"),
			"name" : "5-10年"
		},
		{
			"value" : NumberInt("22"),
			"name" : "经验不限"
		},
		{
			"value" : NumberInt("11"),
			"name" : "1年以内"
		},
		{
			"value" : NumberInt("4"),
			"name" : "应届生"
		},
		{
			"value" : NumberInt("1"),
			"name" : "10年以上"
		}
	],
	"subtext" : "基于300条招聘信息 (2017-12-16更新)",
	"type" : "workyear",
	"updated_at" : "2017-12-16 16:42:08"
},
{
	"_id" : ObjectId("5a34dc6031d9490d3483edbf"),
	"city" : "深圳",
	"data" : [
		{
			"value" : NumberInt("139"),
			"name" : "3-5年"
		},
		{
			"value" : NumberInt("105"),
			"name" : "1-3年"
		},
		{
			"value" : NumberInt("35"),
			"name" : "5-10年"
		},
		{
			"value" : NumberInt("10"),
			"name" : "经验不限"
		},
		{
			"value" : NumberInt("8"),
			"name" : "1年以内"
		},
		{
			"value" : NumberInt("2"),
			"name" : "应届生"
		}
	],
	"subtext" : "基于299条招聘信息 (2017-12-16更新)",
	"type" : "workyear",
	"updated_at" : "2017-12-16 16:42:08"
},
{
	"_id" : ObjectId("5a34dc6031d9490d3483edc0"),
	"city" : "杭州",
	"data" : [
		{
			"value" : NumberInt("124"),
			"name" : "3-5年"
		},
		{
			"value" : NumberInt("124"),
			"name" : "1-3年"
		},
		{
			"value" : NumberInt("23"),
			"name" : "5-10年"
		},
		{
			"value" : NumberInt("19"),
			"name" : "经验不限"
		},
		{
			"value" : NumberInt("8"),
			"name" : "1年以内"
		},
		{
			"value" : NumberInt("2"),
			"name" : "应届生"
		}
	],
	"subtext" : "基于300条招聘信息 (2017-12-16更新)",
	"type" : "workyear",
	"updated_at" : "2017-12-16 16:42:08"
},
{
	"_id" : ObjectId("5a34dc6031d9490d3483edc1"),
	"city" : "天津",
	"data" : [
		{
			"value" : NumberInt("133"),
			"name" : "1-3年"
		},
		{
			"value" : NumberInt("71"),
			"name" : "3-5年"
		},
		{
			"value" : NumberInt("48"),
			"name" : "经验不限"
		},
		{
			"value" : NumberInt("20"),
			"name" : "1年以内"
		},
		{
			"value" : NumberInt("15"),
			"name" : "5-10年"
		},
		{
			"value" : NumberInt("5"),
			"name" : "应届生"
		},
		{
			"value" : NumberInt("3"),
			"name" : "10年以上"
		}
	],
	"subtext" : "基于295条招聘信息 (2017-12-16更新)",
	"type" : "workyear",
	"updated_at" : "2017-12-16 16:42:08"
},
{
	"_id" : ObjectId("5a34dc6031d9490d3483edc2"),
	"city" : "西安",
	"data" : [
		{
			"value" : NumberInt("133"),
			"name" : "3-5年"
		},
		{
			"value" : NumberInt("104"),
			"name" : "1-3年"
		},
		{
			"value" : NumberInt("21"),
			"name" : "经验不限"
		},
		{
			"value" : NumberInt("21"),
			"name" : "1年以内"
		},
		{
			"value" : NumberInt("19"),
			"name" : "5-10年"
		},
		{
			"value" : NumberInt("1"),
			"name" : "应届生"
		}
	],
	"subtext" : "基于299条招聘信息 (2017-12-16更新)",
	"type" : "workyear",
	"updated_at" : "2017-12-16 16:42:08"
},
{
	"_id" : ObjectId("5a34dc6031d9490d3483edc3"),
	"city" : "苏州",
	"data" : [
		{
			"value" : NumberInt("128"),
			"name" : "1-3年"
		},
		{
			"value" : NumberInt("99"),
			"name" : "3-5年"
		},
		{
			"value" : NumberInt("31"),
			"name" : "5-10年"
		},
		{
			"value" : NumberInt("24"),
			"name" : "经验不限"
		},
		{
			"value" : NumberInt("16"),
			"name" : "1年以内"
		},
		{
			"value" : NumberInt("1"),
			"name" : "应届生"
		},
		{
			"value" : NumberInt("1"),
			"name" : "10年以上"
		}
	],
	"subtext" : "基于300条招聘信息 (2017-12-16更新)",
	"type" : "workyear",
	"updated_at" : "2017-12-16 16:42:08"
},
{
	"_id" : ObjectId("5a34dc6031d9490d3483edc4"),
	"city" : "武汉",
	"data" : [
		{
			"value" : NumberInt("123"),
			"name" : "1-3年"
		},
		{
			"value" : NumberInt("111"),
			"name" : "3-5年"
		},
		{
			"value" : NumberInt("26"),
			"name" : "经验不限"
		},
		{
			"value" : NumberInt("24"),
			"name" : "5-10年"
		},
		{
			"value" : NumberInt("14"),
			"name" : "1年以内"
		},
		{
			"value" : NumberInt("2"),
			"name" : "应届生"
		}
	],
	"subtext" : "基于300条招聘信息 (2017-12-16更新)",
	"type" : "workyear",
	"updated_at" : "2017-12-16 16:42:08"
},
{
	"_id" : ObjectId("5a34dc6031d9490d3483edc5"),
	"city" : "厦门",
	"data" : [
		{
			"value" : NumberInt("141"),
			"name" : "1-3年"
		},
		{
			"value" : NumberInt("83"),
			"name" : "3-5年"
		},
		{
			"value" : NumberInt("37"),
			"name" : "经验不限"
		},
		{
			"value" : NumberInt("19"),
			"name" : "1年以内"
		},
		{
			"value" : NumberInt("18"),
			"name" : "5-10年"
		},
		{
			"value" : NumberInt("2"),
			"name" : "应届生"
		}
	],
	"subtext" : "基于300条招聘信息 (2017-12-16更新)",
	"type" : "workyear",
	"updated_at" : "2017-12-16 16:42:08"
},
{
	"_id" : ObjectId("5a34dc6031d9490d3483edc6"),
	"city" : "长沙",
	"data" : [
		{
			"value" : NumberInt("134"),
			"name" : "1-3年"
		},
		{
			"value" : NumberInt("100"),
			"name" : "3-5年"
		},
		{
			"value" : NumberInt("25"),
			"name" : "1年以内"
		},
		{
			"value" : NumberInt("23"),
			"name" : "经验不限"
		},
		{
			"value" : NumberInt("11"),
			"name" : "5-10年"
		},
		{
			"value" : NumberInt("2"),
			"name" : "应届生"
		}
	],
	"subtext" : "基于295条招聘信息 (2017-12-16更新)",
	"type" : "workyear",
	"updated_at" : "2017-12-16 16:42:08"
},
{
	"_id" : ObjectId("5a34dc6031d9490d3483edc7"),
	"city" : "成都",
	"data" : [
		{
			"value" : NumberInt("127"),
			"name" : "3-5年"
		},
		{
			"value" : NumberInt("113"),
			"name" : "1-3年"
		},
		{
			"value" : NumberInt("24"),
			"name" : "5-10年"
		},
		{
			"value" : NumberInt("18"),
			"name" : "经验不限"
		},
		{
			"value" : NumberInt("13"),
			"name" : "1年以内"
		},
		{
			"value" : NumberInt("1"),
			"name" : "应届生"
		},
		{
			"value" : NumberInt("1"),
			"name" : "10年以上"
		}
	],
	"subtext" : "基于297条招聘信息 (2017-12-16更新)",
	"type" : "workyear",
	"updated_at" : "2017-12-16 16:42:08"
},
{
	"_id" : ObjectId("5a34dc6031d9490d3483edc8"),
	"city" : "全国",
	"data" : [
		{
			"value" : NumberInt("1388"),
			"name" : "1-3年"
		},
		{
			"value" : NumberInt("1384"),
			"name" : "3-5年"
		},
		{
			"value" : NumberInt("312"),
			"name" : "5-10年"
		},
		{
			"value" : NumberInt("285"),
			"name" : "经验不限"
		},
		{
			"value" : NumberInt("171"),
			"name" : "1年以内"
		},
		{
			"value" : NumberInt("32"),
			"name" : "应届生"
		},
		{
			"value" : NumberInt("6"),
			"name" : "10年以上"
		}
	],
	"subtext" : "基于3578条招聘信息 (2017-12-16更新)",
	"type" : "workyear",
	"updated_at" : "2017-12-16 16:42:08"
},
