[{"count": 320, "word": "开发", "type": "v"}, {"count": 249, "word": "熟悉", "type": "v"}, {"count": 196, "word": "php", "type": "eng"}, {"count": 137, "word": "工作", "type": "vn"}, {"count": 115, "word": "设计", "type": "vn"}, {"count": 110, "word": "负责", "type": "v"}, {"count": 98, "word": "优先", "type": "vn"}, {"count": 95, "word": "mysql", "type": "eng"}, {"count": 92, "word": "框架", "type": "n"}, {"count": 89, "word": "良好", "type": "a"}, {"count": 89, "word": "数据库", "type": "n"}, {"count": 85, "word": "优化", "type": "vn"}, {"count": 84, "word": "项目", "type": "n"}, {"count": 80, "word": "要求", "type": "v"}, {"count": 73, "word": "网站", "type": "n"}, {"count": 71, "word": "使用", "type": "v"}, {"count": 70, "word": "相关", "type": "v"}, {"count": 69, "word": "精通", "type": "a"}, {"count": 67, "word": "web", "type": "eng"}, {"count": 62, "word": "具备", "type": "v"}, {"count": 52, "word": "需求", "type": "v"}, {"count": 52, "word": "了解", "type": "v"}, {"count": 50, "word": "编写", "type": "v"}, {"count": 50, "word": "性能", "type": "n"}, {"count": 50, "word": "完成", "type": "v"}, {"count": 50, "word": "具有", "type": "v"}, {"count": 49, "word": "熟练", "type": "a"}, {"count": 49, "word": "分析", "type": "vn"}, {"count": 49, "word": "产品", "type": "n"}, {"count": 48, "word": "维护", "type": "v"}, {"count": 48, "word": "熟练掌握", "type": "i"}, {"count": 47, "word": "独立", "type": "v"}, {"count": 47, "word": "linux", "type": "eng"}, {"count": 45, "word": "javascript", "type": "eng"}, {"count": 44, "word": "2.", "type": "m"}, {"count": 42, "word": "架构", "type": "n"}, {"count": 42, "word": "功能", "type": "n"}, {"count": 41, "word": "3.", "type": "m"}, {"count": 41, "word": "1.", "type": "m"}, {"count": 40, "word": "进行", "type": "v"}, {"count": 39, "word": "css", "type": "eng"}, {"count": 37, "word": "文档", "type": "n"}, {"count": 36, "word": "能够", "type": "v"}, {"count": 36, "word": "任职", "type": "v"}, {"count": 36, "word": "4.", "type": "m"}, {"count": 35, "word": "沟通", "type": "v"}, {"count": 35, "word": "平台", "type": "n"}, {"count": 35, "word": "前端", "type": "f"}, {"count": 35, "word": "html", "type": "eng"}, {"count": 33, "word": "后台", "type": "n"}, {"count": 32, "word": "较强", "type": "a"}, {"count": 32, "word": "接口", "type": "v"}, {"count": 30, "word": "环境", "type": "n"}, {"count": 30, "word": "应用", "type": "v"}, {"count": 29, "word": "参与", "type": "v"}, {"count": 29, "word": "习惯", "type": "n"}, {"count": 28, "word": "ajax", "type": "eng"}, {"count": 27, "word": "语言", "type": "n"}, {"count": 27, "word": "精神", "type": "n"}, {"count": 27, "word": "学习", "type": "v"}, {"count": 27, "word": "5.", "type": "m"}, {"count": 26, "word": "合作", "type": "vn"}, {"count": 26, "word": "一定", "type": "d"}, {"count": 26, "word": "jquery", "type": "eng"}, {"count": 25, "word": "测试", "type": "vn"}, {"count": 24, "word": "我们", "type": "r"}, {"count": 23, "word": "问题", "type": "n"}, {"count": 23, "word": "常用", "type": "b"}, {"count": 23, "word": "各种", "type": "r"}, {"count": 22, "word": "规范", "type": "n"}, {"count": 22, "word": "职位", "type": "n"}, {"count": 22, "word": "研发", "type": "j"}, {"count": 22, "word": "数据", "type": "n"}, {"count": 22, "word": "实现", "type": "v"}, {"count": 22, "word": "6.", "type": "m"}, {"count": 21, "word": "责任心", "type": "n"}, {"count": 21, "word": "掌握", "type": "v"}, {"count": 21, "word": "业务", "type": "n"}, {"count": 20, "word": "主流", "type": "b"}, {"count": 19, "word": "配合", "type": "v"}, {"count": 19, "word": "基本", "type": "n"}, {"count": 19, "word": "sql", "type": "eng"}, {"count": 19, "word": "redis", "type": "eng"}, {"count": 18, "word": "意识", "type": "n"}, {"count": 18, "word": "app", "type": "eng"}, {"count": 17, "word": "解决", "type": "v"}, {"count": 17, "word": "结构", "type": "n"}, {"count": 17, "word": "管理", "type": "vn"}, {"count": 17, "word": "流程", "type": "n"}, {"count": 17, "word": "架构设计", "type": "n"}, {"count": 17, "word": "方案", "type": "n"}, {"count": 17, "word": "搭建", "type": "v"}, {"count": 17, "word": "微信", "type": "vn"}, {"count": 17, "word": "工程师", "type": "n"}, {"count": 17, "word": "可以", "type": "c"}, {"count": 17, "word": "thinkphp", "type": "eng"}, {"count": 17, "word": "js", "type": "eng"}, {"count": 16, "word": "缓存", "type": "v"}, {"count": 16, "word": "本科", "type": "r"}, {"count": 16, "word": "服务器", "type": "n"}, {"count": 16, "word": "方面", "type": "n"}, {"count": 16, "word": "思想", "type": "n"}, {"count": 16, "word": "开源", "type": "n"}, {"count": 16, "word": "大型", "type": "b"}, {"count": 15, "word": "面向对象", "type": "n"}, {"count": 15, "word": "软件", "type": "n"}, {"count": 15, "word": "计算机相关", "type": "n"}, {"count": 15, "word": "清晰", "type": "a"}, {"count": 15, "word": "拥有", "type": "v"}, {"count": 15, "word": "基础", "type": "n"}, {"count": 15, "word": "一种", "type": "m"}, {"count": 15, "word": "div", "type": "eng"}, {"count": 15, "word": "7.", "type": "m"}, {"count": 14, "word": "页面", "type": "n"}, {"count": 14, "word": "并发", "type": "v"}, {"count": 14, "word": "存储", "type": "j"}, {"count": 14, "word": "协调", "type": "v"}, {"count": 14, "word": "mvc", "type": "eng"}, {"count": 13, "word": "调试", "type": "vn"}, {"count": 13, "word": "计算机", "type": "n"}, {"count": 13, "word": "规划", "type": "n"}, {"count": 13, "word": "自己", "type": "r"}, {"count": 13, "word": "程序", "type": "n"}, {"count": 13, "word": "移动", "type": "vn"}, {"count": 13, "word": "理解", "type": "v"}, {"count": 13, "word": "模块", "type": "n"}, {"count": 13, "word": "强烈", "type": "a"}, {"count": 13, "word": "对于", "type": "p"}, {"count": 13, "word": "压力", "type": "n"}, {"count": 13, "word": "任务", "type": "n"}, {"count": 13, "word": "互联网", "type": "n"}, {"count": 13, "word": "html5", "type": "eng"}, {"count": 13, "word": "api", "type": "eng"}, {"count": 12, "word": "需要", "type": "v"}, {"count": 12, "word": "运行", "type": "v"}, {"count": 12, "word": "运营", "type": "vn"}, {"count": 12, "word": "调优", "type": "v"}, {"count": 12, "word": "网页", "type": "n"}, {"count": 12, "word": "核心", "type": "n"}, {"count": 12, "word": "操作", "type": "v"}, {"count": 12, "word": "提供", "type": "v"}, {"count": 12, "word": "描述", "type": "v"}, {"count": 12, "word": "快速", "type": "d"}, {"count": 12, "word": "命名", "type": "n"}, {"count": 12, "word": "协作", "type": "vn"}, {"count": 12, "word": "一金", "type": "n"}, {"count": 12, "word": "laravel", "type": "eng"}, {"count": 11, "word": "高效", "type": "a"}, {"count": 11, "word": "配置", "type": "v"}, {"count": 11, "word": "逻辑性", "type": "n"}, {"count": 11, "word": "考虑", "type": "v"}, {"count": 11, "word": "索引", "type": "nr"}, {"count": 11, "word": "公众", "type": "n"}, {"count": 11, "word": "二次开发", "type": "nz"}, {"count": 11, "word": "java", "type": "eng"}, {"count": 11, "word": "android", "type": "eng"}, {"count": 10, "word": "解决问题", "type": "n"}, {"count": 10, "word": "职责", "type": "n"}, {"count": 10, "word": "编码", "type": "n"}, {"count": 10, "word": "用户", "type": "n"}, {"count": 10, "word": "现有", "type": "b"}, {"count": 10, "word": "标准", "type": "n"}, {"count": 10, "word": "或者", "type": "c"}, {"count": 10, "word": "工具", "type": "n"}, {"count": 10, "word": "前端开发", "type": "i"}, {"count": 10, "word": "制定", "type": "v"}, {"count": 10, "word": "冗余", "type": "a"}, {"count": 10, "word": "其他", "type": "r"}, {"count": 10, "word": "五险", "type": "n"}, {"count": 10, "word": "丰富", "type": "a"}, {"count": 10, "word": "一年", "type": "m"}, {"count": 10, "word": "apache", "type": "eng"}, {"count": 9, "word": "逻辑", "type": "n"}, {"count": 9, "word": "过程", "type": "n"}, {"count": 9, "word": "软件开发", "type": "l"}, {"count": 9, "word": "资格", "type": "n"}, {"count": 9, "word": "质量", "type": "n"}, {"count": 9, "word": "积极主动", "type": "n"}, {"count": 9, "word": "浏览器", "type": "n"}, {"count": 9, "word": "日常", "type": "d"}, {"count": 9, "word": "改进", "type": "v"}, {"count": 9, "word": "承担", "type": "v"}, {"count": 9, "word": "承受", "type": "v"}, {"count": 9, "word": "常见", "type": "a"}, {"count": 9, "word": "安全", "type": "an"}, {"count": 9, "word": "发现", "type": "v"}, {"count": 9, "word": "人员", "type": "n"}, {"count": 9, "word": "交互", "type": "v"}, {"count": 9, "word": "不断", "type": "d"}, {"count": 9, "word": "xml", "type": "eng"}, {"count": 9, "word": "python", "type": "eng"}, {"count": 9, "word": "oop", "type": "eng"}, {"count": 9, "word": "lnmp", "type": "eng"}, {"count": 9, "word": "lamp", "type": "eng"}, {"count": 8, "word": "责任感", "type": "n"}, {"count": 8, "word": "脚本", "type": "n"}, {"count": 8, "word": "网络", "type": "n"}, {"count": 8, "word": "算法", "type": "n"}, {"count": 8, "word": "知识", "type": "v"}, {"count": 8, "word": "查询", "type": "v"}, {"count": 8, "word": "服务", "type": "vn"}, {"count": 8, "word": "最新", "type": "d"}, {"count": 8, "word": "数据结构", "type": "n"}, {"count": 8, "word": "扎实", "type": "a"}, {"count": 8, "word": "处理", "type": "v"}, {"count": 8, "word": "基于", "type": "p"}, {"count": 8, "word": "加班", "type": "v"}, {"count": 8, "word": "制作", "type": "vn"}, {"count": 8, "word": "专科", "type": "n"}, {"count": 8, "word": "xhtml", "type": "eng"}, {"count": 8, "word": "unix", "type": "eng"}, {"count": 8, "word": "nginx", "type": "eng"}, {"count": 8, "word": "git", "type": "eng"}, {"count": 8, "word": "erp", "type": "eng"}, {"count": 8, "word": "css3", "type": "eng"}, {"count": 7, "word": "风格", "type": "n"}, {"count": 7, "word": "设计模式", "type": "n"}, {"count": 7, "word": "简历", "type": "v"}, {"count": 7, "word": "程序开发", "type": "nr"}, {"count": 7, "word": "福利", "type": "ns"}, {"count": 7, "word": "深入", "type": "v"}, {"count": 7, "word": "时间", "type": "n"}, {"count": 7, "word": "客户端", "type": "n"}, {"count": 7, "word": "协议", "type": "n"}, {"count": 7, "word": "保证", "type": "v"}, {"count": 7, "word": "yii", "type": "eng"}, {"count": 7, "word": "mongodb", "type": "eng"}, {"count": 7, "word": "memcache", "type": "eng"}, {"count": 7, "word": "http", "type": "eng"}, {"count": 7, "word": "8.", "type": "m"}, {"count": 6, "word": "高质量", "type": "n"}, {"count": 6, "word": "阅读", "type": "v"}, {"count": 6, "word": "部署", "type": "n"}, {"count": 6, "word": "运维", "type": "n"}, {"count": 6, "word": "踏实", "type": "a"}, {"count": 6, "word": "语句", "type": "n"}, {"count": 6, "word": "计划", "type": "n"}, {"count": 6, "word": "英语", "type": "nz"}, {"count": 6, "word": "积极", "type": "ad"}, {"count": 6, "word": "相应", "type": "v"}, {"count": 6, "word": "界面", "type": "n"}, {"count": 6, "word": "理解能力", "type": "n"}, {"count": 6, "word": "流量", "type": "n"}, {"count": 6, "word": "氛围", "type": "n"}, {"count": 6, "word": "构架", "type": "n"}, {"count": 6, "word": "提出", "type": "v"}, {"count": 6, "word": "思维", "type": "n"}, {"count": 6, "word": "态度", "type": "n"}, {"count": 6, "word": "引擎", "type": "n"}, {"count": 6, "word": "布局", "type": "n"}, {"count": 6, "word": "如果", "type": "c"}, {"count": 6, "word": "升级", "type": "vn"}, {"count": 6, "word": "修改", "type": "v"}, {"count": 6, "word": "优秀", "type": "a"}, {"count": 6, "word": "乐于", "type": "v"}, {"count": 6, "word": "三年", "type": "m"}, {"count": 6, "word": "一个", "type": "m"}, {"count": 6, "word": "zend", "type": "eng"}, {"count": 6, "word": "json", "type": "eng"}, {"count": 6, "word": "bug", "type": "eng"}, {"count": 5, "word": "适应", "type": "v"}, {"count": 5, "word": "进度", "type": "d"}, {"count": 5, "word": "运用", "type": "vn"}, {"count": 5, "word": "较大", "type": "a"}, {"count": 5, "word": "补贴", "type": "n"}, {"count": 5, "word": "行业", "type": "n"}, {"count": 5, "word": "自学能力", "type": "l"}, {"count": 5, "word": "缴纳", "type": "v"}, {"count": 5, "word": "程度", "type": "n"}, {"count": 5, "word": "电子商务", "type": "n"}, {"count": 5, "word": "版本", "type": "n"}, {"count": 5, "word": "求知欲", "type": "i"}, {"count": 5, "word": "模板", "type": "n"}, {"count": 5, "word": "模式", "type": "n"}, {"count": 5, "word": "构建", "type": "v"}, {"count": 5, "word": "期间", "type": "f"}, {"count": 5, "word": "敬业精神", "type": "n"}, {"count": 5, "word": "提升", "type": "v"}, {"count": 5, "word": "按时", "type": "d"}, {"count": 5, "word": "技术支持", "type": "n"}, {"count": 5, "word": "执行", "type": "v"}, {"count": 5, "word": "成功", "type": "a"}, {"count": 5, "word": "必须", "type": "d"}, {"count": 5, "word": "开放", "type": "v"}, {"count": 5, "word": "开发技术", "type": "n"}, {"count": 5, "word": "建设", "type": "vn"}, {"count": 5, "word": "应用程序", "type": "n"}, {"count": 5, "word": "带薪", "type": "v"}, {"count": 5, "word": "对接", "type": "v"}, {"count": 5, "word": "多个", "type": "m"}, {"count": 5, "word": "善于", "type": "v"}, {"count": 5, "word": "发展", "type": "vn"}, {"count": 5, "word": "协助", "type": "v"}, {"count": 5, "word": "创造力", "type": "n"}, {"count": 5, "word": "其它", "type": "r"}, {"count": 5, "word": "例如", "type": "v"}, {"count": 5, "word": "两年", "type": "m"}, {"count": 5, "word": "上班", "type": "v"}, {"count": 5, "word": "一些", "type": "m"}, {"count": 5, "word": "shell", "type": "eng"}, {"count": 5, "word": "net", "type": "eng"}, {"count": 5, "word": "memcached", "type": "eng"}, {"count": 5, "word": "framework", "type": "eng"}, {"count": 5, "word": "b2c", "type": "eng"}, {"count": 5, "word": "9.", "type": "m"}, {"count": 4, "word": "额外", "type": "b"}, {"count": 4, "word": "领域", "type": "n"}, {"count": 4, "word": "静态", "type": "n"}, {"count": 4, "word": "重构", "type": "n"}, {"count": 4, "word": "部门", "type": "n"}, {"count": 4, "word": "遇到", "type": "v"}, {"count": 4, "word": "追求", "type": "v"}, {"count": 4, "word": "迅速", "type": "ad"}, {"count": 4, "word": "较好", "type": "a"}, {"count": 4, "word": "软件工程", "type": "l"}, {"count": 4, "word": "资源", "type": "n"}, {"count": 4, "word": "请求", "type": "v"}, {"count": 4, "word": "详细", "type": "ad"}, {"count": 4, "word": "评估", "type": "vn"}, {"count": 4, "word": "英文", "type": "nz"}, {"count": 4, "word": "编程语言", "type": "n"}, {"count": 4, "word": "统计", "type": "v"}, {"count": 4, "word": "组织", "type": "v"}, {"count": 4, "word": "第三方", "type": "m"}, {"count": 4, "word": "稳定", "type": "a"}, {"count": 4, "word": "程序设计", "type": "n"}, {"count": 4, "word": "程序员", "type": "n"}, {"count": 4, "word": "积极参与", "type": "i"}, {"count": 4, "word": "科技", "type": "n"}, {"count": 4, "word": "社交", "type": "n"}, {"count": 4, "word": "研究", "type": "vn"}, {"count": 4, "word": "电商", "type": "n"}, {"count": 4, "word": "瓶颈", "type": "n"}, {"count": 4, "word": "理论", "type": "n"}, {"count": 4, "word": "熟练地", "type": "n"}, {"count": 4, "word": "热爱", "type": "a"}, {"count": 4, "word": "游戏", "type": "n"}, {"count": 4, "word": "海量", "type": "n"}, {"count": 4, "word": "流行", "type": "v"}, {"count": 4, "word": "活动", "type": "vn"}, {"count": 4, "word": "注释", "type": "v"}, {"count": 4, "word": "每天", "type": "r"}, {"count": 4, "word": "案例", "type": "n"}, {"count": 4, "word": "未来", "type": "t"}, {"count": 4, "word": "服务器端", "type": "n"}, {"count": 4, "word": "有限公司", "type": "n"}, {"count": 4, "word": "有微", "type": "a"}, {"count": 4, "word": "方法", "type": "n"}, {"count": 4, "word": "数据量", "type": "n"}, {"count": 4, "word": "操作系统", "type": "l"}, {"count": 4, "word": "撰写", "type": "v"}, {"count": 4, "word": "接触", "type": "v"}, {"count": 4, "word": "按照", "type": "p"}, {"count": 4, "word": "招聘", "type": "v"}, {"count": 4, "word": "抗压", "type": "nz"}, {"count": 4, "word": "投递", "type": "vn"}, {"count": 4, "word": "技巧", "type": "n"}, {"count": 4, "word": "扩展", "type": "v"}, {"count": 4, "word": "成都", "type": "ns"}, {"count": 4, "word": "愿意", "type": "v"}, {"count": 4, "word": "很强", "type": "a"}, {"count": 4, "word": "希望", "type": "v"}, {"count": 4, "word": "工资", "type": "vn"}, {"count": 4, "word": "客户", "type": "n"}, {"count": 4, "word": "完整", "type": "a"}, {"count": 4, "word": "完善", "type": "v"}, {"count": 4, "word": "安装", "type": "v"}, {"count": 4, "word": "存在", "type": "v"}, {"count": 4, "word": "响应", "type": "v"}, {"count": 4, "word": "各项", "type": "r"}, {"count": 4, "word": "各个", "type": "r"}, {"count": 4, "word": "双休", "type": "nr"}, {"count": 4, "word": "原理", "type": "n"}, {"count": 4, "word": "协同", "type": "n"}, {"count": 4, "word": "功能设计", "type": "i"}, {"count": 4, "word": "前期", "type": "f"}, {"count": 4, "word": "前后", "type": "f"}, {"count": 4, "word": "创新", "type": "v"}, {"count": 4, "word": "写出", "type": "v"}, {"count": 4, "word": "内容", "type": "n"}, {"count": 4, "word": "全面", "type": "n"}, {"count": 4, "word": "做事", "type": "v"}, {"count": 4, "word": "体验", "type": "n"}, {"count": 4, "word": "交付", "type": "v"}, {"count": 4, "word": "乐观", "type": "a"}, {"count": 4, "word": "主要", "type": "b"}, {"count": 4, "word": "主导", "type": "b"}, {"count": 4, "word": "专业本科", "type": "n"}, {"count": 4, "word": "ui", "type": "eng"}, {"count": 4, "word": "svn", "type": "eng"}, {"count": 4, "word": "nosql", "type": "eng"}, {"count": 4, "word": "flash", "type": "eng"}, {"count": 4, "word": "cms", "type": "eng"}, {"count": 4, "word": "ci", "type": "eng"}, {"count": 4, "word": "b2b", "type": "eng"}, {"count": 4, "word": "asp", "type": "eng"}, {"count": 4, "word": "10.", "type": "m"}, {"count": 3, "word": "高级", "type": "b"}, {"count": 3, "word": "高性能", "type": "n"}, {"count": 3, "word": "高度", "type": "n"}, {"count": 3, "word": "项目经理", "type": "n"}, {"count": 3, "word": "重要", "type": "a"}, {"count": 3, "word": "适用", "type": "v"}, {"count": 3, "word": "进步", "type": "d"}, {"count": 3, "word": "进取心", "type": "n"}, {"count": 3, "word": "贯彻", "type": "v"}, {"count": 3, "word": "读写能力", "type": "n"}, {"count": 3, "word": "请勿", "type": "v"}, {"count": 3, "word": "语法", "type": "n"}, {"count": 3, "word": "语义", "type": "n"}, {"count": 3, "word": "认识", "type": "v"}, {"count": 3, "word": "认真负责", "type": "n"}, {"count": 3, "word": "认真", "type": "ad"}, {"count": 3, "word": "计算", "type": "v"}, {"count": 3, "word": "解决方案", "type": "n"}, {"count": 3, "word": "见解", "type": "v"}, {"count": 3, "word": "表达能力", "type": "n"}, {"count": 3, "word": "表达", "type": "v"}, {"count": 3, "word": "薪资", "type": "n"}, {"count": 3, "word": "自主", "type": "v"}, {"count": 3, "word": "职业", "type": "n"}, {"count": 3, "word": "统计分析", "type": "l"}, {"count": 3, "word": "经验丰富", "type": "n"}, {"count": 3, "word": "素质", "type": "n"}, {"count": 3, "word": "系统分析", "type": "l"}, {"count": 3, "word": "符合", "type": "v"}, {"count": 3, "word": "站点", "type": "n"}, {"count": 3, "word": "积累", "type": "v"}, {"count": 3, "word": "确保", "type": "v"}, {"count": 3, "word": "短训", "type": "n"}, {"count": 3, "word": "目前", "type": "t"}, {"count": 3, "word": "监控", "type": "vn"}, {"count": 3, "word": "特性", "type": "n"}, {"count": 3, "word": "满足", "type": "v"}, {"count": 3, "word": "水平", "type": "n"}, {"count": 3, "word": "模型", "type": "n"}, {"count": 3, "word": "机会", "type": "n"}, {"count": 3, "word": "有趣", "type": "a"}, {"count": 3, "word": "有效", "type": "a"}, {"count": 3, "word": "最优化", "type": "v"}, {"count": 3, "word": "更好", "type": "d"}, {"count": 3, "word": "旗下", "type": "n"}, {"count": 3, "word": "方向", "type": "n"}, {"count": 3, "word": "文化", "type": "n"}, {"count": 3, "word": "整理", "type": "n"}, {"count": 3, "word": "整体", "type": "n"}, {"count": 3, "word": "数据管理", "type": "n"}, {"count": 3, "word": "敏捷", "type": "a"}, {"count": 3, "word": "攻关", "type": "v"}, {"count": 3, "word": "收入", "type": "v"}, {"count": 3, "word": "支付", "type": "v"}, {"count": 3, "word": "提高", "type": "v"}, {"count": 3, "word": "接受", "type": "v"}, {"count": 3, "word": "持续", "type": "vd"}, {"count": 3, "word": "技能", "type": "n"}, {"count": 3, "word": "技术难题", "type": "n"}, {"count": 3, "word": "手机", "type": "n"}, {"count": 3, "word": "性格", "type": "n"}, {"count": 3, "word": "思考", "type": "v"}, {"count": 3, "word": "当前", "type": "t"}, {"count": 3, "word": "开放性", "type": "n"}, {"count": 3, "word": "建议", "type": "n"}, {"count": 3, "word": "建模", "type": "n"}, {"count": 3, "word": "并能", "type": "v"}, {"count": 3, "word": "并且", "type": "c"}, {"count": 3, "word": "年轻", "type": "a"}, {"count": 3, "word": "常用命令", "type": "n"}, {"count": 3, "word": "帮助", "type": "v"}, {"count": 3, "word": "工业", "type": "n"}, {"count": 3, "word": "尤其", "type": "d"}, {"count": 3, "word": "对系统", "type": "l"}, {"count": 3, "word": "审核", "type": "v"}, {"count": 3, "word": "实施", "type": "v"}, {"count": 3, "word": "定位", "type": "n"}, {"count": 3, "word": "学科", "type": "n"}, {"count": 3, "word": "大规模", "type": "b"}, {"count": 3, "word": "大专", "type": "n"}, {"count": 3, "word": "多元", "type": "m"}, {"count": 3, "word": "培训", "type": "vn"}, {"count": 3, "word": "培养", "type": "v"}, {"count": 3, "word": "场景", "type": "n"}, {"count": 3, "word": "地点", "type": "n"}, {"count": 3, "word": "团队精神", "type": "n"}, {"count": 3, "word": "喜欢", "type": "v"}, {"count": 3, "word": "商业", "type": "n"}, {"count": 3, "word": "命令", "type": "n"}, {"count": 3, "word": "员工", "type": "n"}, {"count": 3, "word": "后端", "type": "n"}, {"count": 3, "word": "合理", "type": "vn"}, {"count": 3, "word": "吃苦耐劳", "type": "i"}, {"count": 3, "word": "发布", "type": "v"}, {"count": 3, "word": "反馈", "type": "v"}, {"count": 3, "word": "及时", "type": "c"}, {"count": 3, "word": "单元测试", "type": "n"}, {"count": 3, "word": "勿扰", "type": "l"}, {"count": 3, "word": "功能模块", "type": "n"}, {"count": 3, "word": "办公", "type": "n"}, {"count": 3, "word": "创业", "type": "n"}, {"count": 3, "word": "分销", "type": "vn"}, {"count": 3, "word": "分布式", "type": "n"}, {"count": 3, "word": "分享", "type": "v"}, {"count": 3, "word": "兼容", "type": "v"}, {"count": 3, "word": "其中", "type": "r"}, {"count": 3, "word": "免费", "type": "vn"}, {"count": 3, "word": "修复", "type": "v"}, {"count": 3, "word": "作品", "type": "n"}, {"count": 3, "word": "优良", "type": "z"}, {"count": 3, "word": "休息", "type": "v"}, {"count": 3, "word": "主动", "type": "b"}, {"count": 3, "word": "个性", "type": "n"}, {"count": 3, "word": "业务流程", "type": "n"}, {"count": 3, "word": "zendframework", "type": "eng"}, {"count": 3, "word": "webservice", "type": "eng"}, {"count": 3, "word": "thinkphp5", "type": "eng"}, {"count": 3, "word": "sqlserver", "type": "eng"}, {"count": 3, "word": "socket", "type": "eng"}, {"count": 3, "word": "script", "type": "eng"}, {"count": 3, "word": "oracle", "type": "eng"}, {"count": 3, "word": "node", "type": "eng"}, {"count": 3, "word": "mes", "type": "eng"}, {"count": 3, "word": "laravel5", "type": "eng"}, {"count": 3, "word": "ios", "type": "eng"}, {"count": 3, "word": "ecshop", "type": "eng"}, {"count": 3, "word": "dom", "type": "eng"}, {"count": 3, "word": "4.0", "type": "m"}, {"count": 3, "word": "15", "type": "m"}, {"count": 2, "word": "高难度", "type": "l"}, {"count": 2, "word": "高效率", "type": "n"}, {"count": 2, "word": "高处", "type": "d"}, {"count": 2, "word": "风险", "type": "n"}, {"count": 2, "word": "领悟", "type": "n"}, {"count": 2, "word": "领导", "type": "n"}, {"count": 2, "word": "项目管理", "type": "n"}, {"count": 2, "word": "顶层", "type": "n"}, {"count": 2, "word": "面向对象编程", "type": "l"}, {"count": 2, "word": "集群", "type": "n"}, {"count": 2, "word": "集成", "type": "v"}, {"count": 2, "word": "难点", "type": "d"}, {"count": 2, "word": "阿里", "type": "nrt"}, {"count": 2, "word": "队列", "type": "n"}, {"count": 2, "word": "队伍", "type": "n"}, {"count": 2, "word": "钻研", "type": "n"}, {"count": 2, "word": "鑫合汇主站", "type": "nz"}, {"count": 2, "word": "配置管理", "type": "n"}, {"count": 2, "word": "邮箱", "type": "n"}, {"count": 2, "word": "遵守", "type": "v"}, {"count": 2, "word": "逻辑思维", "type": "l"}, {"count": 2, "word": "适当", "type": "a"}, {"count": 2, "word": "适合", "type": "v"}, {"count": 2, "word": "这里", "type": "r"}, {"count": 2, "word": "过节", "type": "t"}, {"count": 2, "word": "较为", "type": "d"}, {"count": 2, "word": "软件设计", "type": "l"}, {"count": 2, "word": "软件测试", "type": "n"}, {"count": 2, "word": "软件应用", "type": "l"}, {"count": 2, "word": "软件园", "type": "n"}, {"count": 2, "word": "转化", "type": "v"}, {"count": 2, "word": "跟踪", "type": "v"}, {"count": 2, "word": "账号", "type": "n"}, {"count": 2, "word": "负载", "type": "v"}, {"count": 2, "word": "调研", "type": "vn"}, {"count": 2, "word": "调休", "type": "vn"}, {"count": 2, "word": "说明", "type": "v"}, {"count": 2, "word": "评测", "type": "vn"}, {"count": 2, "word": "评审", "type": "vn"}, {"count": 2, "word": "访问", "type": "v"}, {"count": 2, "word": "设计师", "type": "n"}, {"count": 2, "word": "认知", "type": "v"}, {"count": 2, "word": "触发器", "type": "n"}, {"count": 2, "word": "解释", "type": "v"}, {"count": 2, "word": "规定", "type": "n"}, {"count": 2, "word": "规划设计", "type": "n"}, {"count": 2, "word": "表现", "type": "v"}, {"count": 2, "word": "补充", "type": "v"}, {"count": 2, "word": "融入", "type": "v"}, {"count": 2, "word": "虚心", "type": "n"}, {"count": 2, "word": "薪酬", "type": "n"}, {"count": 2, "word": "节假日", "type": "t"}, {"count": 2, "word": "脚本语言", "type": "n"}, {"count": 2, "word": "联系", "type": "n"}, {"count": 2, "word": "美工", "type": "j"}, {"count": 2, "word": "网络通讯", "type": "nt"}, {"count": 2, "word": "网络安全", "type": "nz"}, {"count": 2, "word": "绩效奖金", "type": "n"}, {"count": 2, "word": "结合", "type": "v"}, {"count": 2, "word": "细节", "type": "n"}, {"count": 2, "word": "素养", "type": "n"}, {"count": 2, "word": "系统维护", "type": "n"}, {"count": 2, "word": "管理者", "type": "n"}, {"count": 2, "word": "管理工具", "type": "n"}, {"count": 2, "word": "简洁", "type": "a"}, {"count": 2, "word": "简单", "type": "a"}, {"count": 2, "word": "策略", "type": "n"}, {"count": 2, "word": "第一", "type": "m"}, {"count": 2, "word": "空间", "type": "n"}, {"count": 2, "word": "稳定性", "type": "n"}, {"count": 2, "word": "积极向上", "type": "l"}, {"count": 2, "word": "福利待遇", "type": "n"}, {"count": 2, "word": "社区", "type": "n"}, {"count": 2, "word": "礼品", "type": "n"}, {"count": 2, "word": "疑难杂症", "type": "i"}, {"count": 2, "word": "特点", "type": "n"}, {"count": 2, "word": "特别", "type": "d"}, {"count": 2, "word": "版本控制", "type": "n"}, {"count": 2, "word": "熟握", "type": "v"}, {"count": 2, "word": "激情", "type": "n"}, {"count": 2, "word": "潜在", "type": "t"}, {"count": 2, "word": "源码", "type": "n"}, {"count": 2, "word": "深刻理解", "type": "l"}, {"count": 2, "word": "淘宝", "type": "nz"}, {"count": 2, "word": "测试用例", "type": "n"}, {"count": 2, "word": "测试数据", "type": "n"}, {"count": 2, "word": "测试报告", "type": "n"}, {"count": 2, "word": "注重", "type": "v"}, {"count": 2, "word": "法定", "type": "n"}, {"count": 2, "word": "沟通交流", "type": "n"}, {"count": 2, "word": "沉淀", "type": "v"}, {"count": 2, "word": "比较", "type": "d"}, {"count": 2, "word": "每月", "type": "r"}, {"count": 2, "word": "每年", "type": "r"}, {"count": 2, "word": "正常", "type": "d"}, {"count": 2, "word": "欢迎", "type": "v"}, {"count": 2, "word": "模块接口", "type": "n"}, {"count": 2, "word": "概念", "type": "n"}, {"count": 2, "word": "标签", "type": "n"}, {"count": 2, "word": "条件", "type": "n"}, {"count": 2, "word": "机构", "type": "n"}, {"count": 2, "word": "机制", "type": "n"}, {"count": 2, "word": "本科学历", "type": "nz"}, {"count": 2, "word": "服务端", "type": "n"}, {"count": 2, "word": "有时", "type": "r"}, {"count": 2, "word": "有大", "type": "a"}, {"count": 2, "word": "最好", "type": "a"}, {"count": 2, "word": "更佳", "type": "v"}, {"count": 2, "word": "智慧", "type": "nr"}, {"count": 2, "word": "易读", "type": "v"}, {"count": 2, "word": "明了", "type": "t"}, {"count": 2, "word": "旅游", "type": "vn"}, {"count": 2, "word": "施展", "type": "vn"}, {"count": 2, "word": "方式", "type": "n"}, {"count": 2, "word": "整个", "type": "b"}, {"count": 2, "word": "数据处理", "type": "n"}, {"count": 2, "word": "数据分析", "type": "l"}, {"count": 2, "word": "数下", "type": "m"}, {"count": 2, "word": "效率", "type": "n"}, {"count": 2, "word": "效果", "type": "n"}, {"count": 2, "word": "收益", "type": "n"}, {"count": 2, "word": "操作技能", "type": "n"}, {"count": 2, "word": "搭配", "type": "v"}, {"count": 2, "word": "控制软件", "type": "l"}, {"count": 2, "word": "排版", "type": "v"}, {"count": 2, "word": "排查", "type": "vn"}, {"count": 2, "word": "拳脚", "type": "n"}, {"count": 2, "word": "拒绝", "type": "v"}, {"count": 2, "word": "抽象", "type": "v"}, {"count": 2, "word": "技术人员", "type": "n"}, {"count": 2, "word": "房拓", "type": "n"}, {"count": 2, "word": "意见", "type": "n"}, {"count": 2, "word": "想法", "type": "v"}, {"count": 2, "word": "思路清晰", "type": "nr"}, {"count": 2, "word": "快节奏", "type": "n"}, {"count": 2, "word": "微赞", "type": "n"}, {"count": 2, "word": "微擎", "type": "n"}, {"count": 2, "word": "待遇", "type": "n"}, {"count": 2, "word": "开发计划", "type": "n"}, {"count": 2, "word": "开发者", "type": "n"}, {"count": 2, "word": "开发方法", "type": "nz"}, {"count": 2, "word": "开发工具", "type": "l"}, {"count": 2, "word": "开发人员", "type": "n"}, {"count": 2, "word": "应用服务器", "type": "l"}, {"count": 2, "word": "尝试", "type": "vn"}, {"count": 2, "word": "小时", "type": "n"}, {"count": 2, "word": "富于", "type": "v"}, {"count": 2, "word": "家居", "type": "n"}, {"count": 2, "word": "实践经验", "type": "n"}, {"count": 2, "word": "实践", "type": "v"}, {"count": 2, "word": "定期", "type": "vn"}, {"count": 2, "word": "定义", "type": "n"}, {"count": 2, "word": "如何", "type": "r"}, {"count": 2, "word": "奖金", "type": "n"}, {"count": 2, "word": "大型项目", "type": "n"}, {"count": 2, "word": "多线程", "type": "b"}, {"count": 2, "word": "多种", "type": "m"}, {"count": 2, "word": "增加", "type": "v"}, {"count": 2, "word": "基础知识", "type": "n"}, {"count": 2, "word": "基本技能", "type": "n"}, {"count": 2, "word": "地址", "type": "n"}, {"count": 2, "word": "国家", "type": "n"}, {"count": 2, "word": "商城", "type": "ns"}, {"count": 2, "word": "后端", "type": "f"}, {"count": 2, "word": "名称", "type": "n"}, {"count": 2, "word": "同时", "type": "c"}, {"count": 2, "word": "同事", "type": "n"}, {"count": 2, "word": "各类", "type": "r"}, {"count": 2, "word": "各个环节", "type": "l"}, {"count": 2, "word": "单独", "type": "d"}, {"count": 2, "word": "半小时", "type": "b"}, {"count": 2, "word": "午餐", "type": "n"}, {"count": 2, "word": "包括", "type": "v"}, {"count": 2, "word": "包吃", "type": "v"}, {"count": 2, "word": "包住", "type": "v"}, {"count": 2, "word": "勇气", "type": "n"}, {"count": 2, "word": "努力", "type": "ad"}, {"count": 2, "word": "加薪", "type": "nr"}, {"count": 2, "word": "功能性", "type": "n"}, {"count": 2, "word": "前台", "type": "n"}, {"count": 2, "word": "制度", "type": "n"}, {"count": 2, "word": "别人", "type": "r"}, {"count": 2, "word": "利用", "type": "n"}, {"count": 2, "word": "分销商", "type": "n"}, {"count": 2, "word": "分布式系统", "type": "l"}, {"count": 2, "word": "内部", "type": "f"}, {"count": 2, "word": "具体", "type": "a"}, {"count": 2, "word": "兴趣", "type": "n"}, {"count": 2, "word": "关系", "type": "n"}, {"count": 2, "word": "关注", "type": "v"}, {"count": 2, "word": "六险", "type": "n"}, {"count": 2, "word": "公用", "type": "n"}, {"count": 2, "word": "全新", "type": "d"}, {"count": 2, "word": "入职", "type": "v"}, {"count": 2, "word": "充满", "type": "a"}, {"count": 2, "word": "健壮性", "type": "n"}, {"count": 2, "word": "信息技术", "type": "n"}, {"count": 2, "word": "保证系统", "type": "n"}, {"count": 2, "word": "保持", "type": "v"}, {"count": 2, "word": "体系", "type": "n"}, {"count": 2, "word": "任一", "type": "r"}, {"count": 2, "word": "代表", "type": "n"}, {"count": 2, "word": "从事", "type": "v"}, {"count": 2, "word": "从业", "type": "v"}, {"count": 2, "word": "产品设计", "type": "n"}, {"count": 2, "word": "产品开发", "type": "l"}, {"count": 2, "word": "交流", "type": "n"}, {"count": 2, "word": "交办", "type": "v"}, {"count": 2, "word": "事件", "type": "n"}, {"count": 2, "word": "之一", "type": "r"}, {"count": 2, "word": "举行", "type": "v"}, {"count": 2, "word": "为主", "type": "v"}, {"count": 2, "word": "中餐", "type": "n"}, {"count": 2, "word": "中间件", "type": "n"}, {"count": 2, "word": "中级", "type": "b"}, {"count": 2, "word": "中型", "type": "b"}, {"count": 2, "word": "中午", "type": "t"}, {"count": 2, "word": "个人", "type": "n"}, {"count": 2, "word": "严谨", "type": "a"}, {"count": 2, "word": "严格", "type": "ad"}, {"count": 2, "word": "两种", "type": "m"}, {"count": 2, "word": "东西", "type": "ns"}, {"count": 2, "word": "业界", "type": "n"}, {"count": 2, "word": "不会", "type": "v"}, {"count": 2, "word": "不仅", "type": "c"}, {"count": 2, "word": "下午茶", "type": "n"}, {"count": 2, "word": "上线", "type": "n"}, {"count": 2, "word": "上架", "type": "v"}, {"count": 2, "word": "一门", "type": "m"}, {"count": 2, "word": "一起", "type": "m"}, {"count": 2, "word": "一次", "type": "m"}, {"count": 2, "word": "yaf", "type": "eng"}, {"count": 2, "word": "windows", "type": "eng"}, {"count": 2, "word": "w3c", "type": "eng"}, {"count": 2, "word": "vs", "type": "eng"}, {"count": 2, "word": "think", "type": "eng"}, {"count": 2, "word": "smarty", "type": "eng"}, {"count": 2, "word": "service", "type": "eng"}, {"count": 2, "word": "server", "type": "eng"}, {"count": 2, "word": "seo", "type": "eng"}, {"count": 2, "word": "saas", "type": "eng"}, {"count": 2, "word": "perl", "type": "eng"}, {"count": 2, "word": "opencart", "type": "eng"}, {"count": 2, "word": "my", "type": "eng"}, {"count": 2, "word": "ms", "type": "eng"}, {"count": 2, "word": "magento", "type": "eng"}, {"count": 2, "word": "lua", "type": "eng"}, {"count": 2, "word": "hadoop", "type": "eng"}, {"count": 2, "word": "golang", "type": "eng"}, {"count": 2, "word": "github", "type": "eng"}, {"count": 2, "word": "docker", "type": "eng"}, {"count": 2, "word": "crm", "type": "eng"}, {"count": 2, "word": "codeigniter", "type": "eng"}, {"count": 2, "word": "codeignite", "type": "eng"}, {"count": 2, "word": "cache", "type": "eng"}, {"count": 2, "word": "c#", "type": "nz"}, {"count": 2, "word": "boss", "type": "eng"}, {"count": 2, "word": "bootstrap", "type": "eng"}, {"count": 2, "word": "angular", "type": "eng"}, {"count": 2, "word": "5.4", "type": "m"}, {"count": 2, "word": "11.", "type": "m"}, {"count": 2, "word": "10", "type": "m"}, {"count": 2, "word": "00", "type": "m"}, {"count": 2, "word": ".0", "type": "m"}, {"count": 1, "word": "高新区", "type": "nr"}, {"count": 1, "word": "高可靠性", "type": "n"}, {"count": 1, "word": "高可用性", "type": "n"}, {"count": 1, "word": "验收报告", "type": "n"}, {"count": 1, "word": "驱动力", "type": "n"}, {"count": 1, "word": "驱动", "type": "vn"}, {"count": 1, "word": "餐厅", "type": "n"}, {"count": 1, "word": "预研", "type": "vn"}, {"count": 1, "word": "顺利完成", "type": "l"}, {"count": 1, "word": "项目名称", "type": "n"}, {"count": 1, "word": "面试", "type": "v"}, {"count": 1, "word": "面议", "type": "n"}, {"count": 1, "word": "面对", "type": "v"}, {"count": 1, "word": "面向对象分析", "type": "l"}, {"count": 1, "word": "面向", "type": "n"}, {"count": 1, "word": "需求量", "type": "n"}, {"count": 1, "word": "需有", "type": "v"}, {"count": 1, "word": "零食", "type": "n"}, {"count": 1, "word": "集美", "type": "nz"}, {"count": 1, "word": "难题", "type": "n"}, {"count": 1, "word": "难度", "type": "d"}, {"count": 1, "word": "随时随地", "type": "l"}, {"count": 1, "word": "陕西", "type": "ns"}, {"count": 1, "word": "限制", "type": "v"}, {"count": 1, "word": "防暑降温", "type": "n"}, {"count": 1, "word": "门户网站", "type": "n"}, {"count": 1, "word": "银行", "type": "n"}, {"count": 1, "word": "针对", "type": "p"}, {"count": 1, "word": "金融", "type": "n"}, {"count": 1, "word": "重视", "type": "v"}, {"count": 1, "word": "采暖费", "type": "nr"}, {"count": 1, "word": "邮件", "type": "n"}, {"count": 1, "word": "遵循", "type": "v"}, {"count": 1, "word": "造成", "type": "v"}, {"count": 1, "word": "通常", "type": "d"}, {"count": 1, "word": "通力", "type": "n"}, {"count": 1, "word": "通信", "type": "j"}, {"count": 1, "word": "适配", "type": "v"}, {"count": 1, "word": "迭代", "type": "v"}, {"count": 1, "word": "违规操作", "type": "l"}, {"count": 1, "word": "远期", "type": "b"}, {"count": 1, "word": "进程", "type": "n"}, {"count": 1, "word": "进展", "type": "vn"}, {"count": 1, "word": "这点", "type": "mq"}, {"count": 1, "word": "这样", "type": "r"}, {"count": 1, "word": "这儿", "type": "r"}, {"count": 1, "word": "这个", "type": "r"}, {"count": 1, "word": "运转", "type": "vn"}, {"count": 1, "word": "运行机制", "type": "n"}, {"count": 1, "word": "过硬", "type": "a"}, {"count": 1, "word": "辅助", "type": "vn"}, {"count": 1, "word": "较快", "type": "a"}, {"count": 1, "word": "轻松愉快", "type": "z"}, {"count": 1, "word": "软件系统", "type": "l"}, {"count": 1, "word": "软件产品", "type": "l"}, {"count": 1, "word": "跨平台", "type": "n"}, {"count": 1, "word": "超过", "type": "v"}, {"count": 1, "word": "资质", "type": "n"}, {"count": 1, "word": "资源库", "type": "n"}, {"count": 1, "word": "贸易", "type": "vn"}, {"count": 1, "word": "购买", "type": "v"}, {"count": 1, "word": "贡献者", "type": "nr"}, {"count": 1, "word": "负责人", "type": "n"}, {"count": 1, "word": "调薪", "type": "v"}, {"count": 1, "word": "调整", "type": "vn"}, {"count": 1, "word": "诸如", "type": "nr"}, {"count": 1, "word": "请教", "type": "v"}, {"count": 1, "word": "说明书", "type": "n"}, {"count": 1, "word": "语言表达", "type": "n"}, {"count": 1, "word": "话费", "type": "n"}, {"count": 1, "word": "诚意", "type": "a"}, {"count": 1, "word": "诊断", "type": "v"}, {"count": 1, "word": "识别", "type": "v"}, {"count": 1, "word": "设计规范", "type": "n"}, {"count": 1, "word": "设计规划", "type": "n"}, {"count": 1, "word": "设计方案", "type": "n"}, {"count": 1, "word": "设置", "type": "vn"}, {"count": 1, "word": "设备", "type": "vn"}, {"count": 1, "word": "记录", "type": "n"}, {"count": 1, "word": "讨论", "type": "v"}, {"count": 1, "word": "认心", "type": "v"}, {"count": 1, "word": "订立", "type": "v"}, {"count": 1, "word": "触觉", "type": "n"}, {"count": 1, "word": "解答", "type": "v"}, {"count": 1, "word": "觉得", "type": "v"}, {"count": 1, "word": "规范化", "type": "n"}, {"count": 1, "word": "规模", "type": "n"}, {"count": 1, "word": "观看", "type": "v"}, {"count": 1, "word": "观察力", "type": "n"}, {"count": 1, "word": "西路", "type": "ns"}, {"count": 1, "word": "西安", "type": "ns"}, {"count": 1, "word": "表格", "type": "n"}, {"count": 1, "word": "补助", "type": "v"}, {"count": 1, "word": "虚拟化", "type": "n"}, {"count": 1, "word": "薪水", "type": "n"}, {"count": 1, "word": "落户", "type": "n"}, {"count": 1, "word": "落实", "type": "a"}, {"count": 1, "word": "范围", "type": "n"}, {"count": 1, "word": "节日", "type": "t"}, {"count": 1, "word": "节奏", "type": "n"}, {"count": 1, "word": "航利", "type": "n"}, {"count": 1, "word": "致力于", "type": "n"}, {"count": 1, "word": "自身", "type": "r"}, {"count": 1, "word": "自由发挥", "type": "i"}, {"count": 1, "word": "自有", "type": "v"}, {"count": 1, "word": "自我管理", "type": "l"}, {"count": 1, "word": "自助", "type": "v"}, {"count": 1, "word": "腾讯", "type": "nz"}, {"count": 1, "word": "能否", "type": "v"}, {"count": 1, "word": "肯干", "type": "v"}, {"count": 1, "word": "股份", "type": "n"}, {"count": 1, "word": "联调", "type": "v"}, {"count": 1, "word": "联网", "type": "nz"}, {"count": 1, "word": "职能", "type": "n"}, {"count": 1, "word": "羽毛球", "type": "n"}, {"count": 1, "word": "美好", "type": "a"}, {"count": 1, "word": "网络通信", "type": "nt"}, {"count": 1, "word": "网络管理", "type": "n"}, {"count": 1, "word": "网络应用", "type": "n"}, {"count": 1, "word": "编程技术", "type": "n"}, {"count": 1, "word": "编写程序", "type": "n"}, {"count": 1, "word": "编写出", "type": "v"}, {"count": 1, "word": "统招", "type": "v"}, {"count": 1, "word": "给出", "type": "v"}, {"count": 1, "word": "绘制", "type": "n"}, {"count": 1, "word": "绕道", "type": "v"}, {"count": 1, "word": "结果", "type": "n"}, {"count": 1, "word": "结构设计", "type": "n"}, {"count": 1, "word": "绑定", "type": "v"}, {"count": 1, "word": "经营", "type": "vn"}, {"count": 1, "word": "经理", "type": "n"}, {"count": 1, "word": "经历", "type": "n"}, {"count": 1, "word": "织梦", "type": "n"}, {"count": 1, "word": "细心", "type": "n"}, {"count": 1, "word": "组长", "type": "v"}, {"count": 1, "word": "组成员", "type": "l"}, {"count": 1, "word": "组建", "type": "v"}, {"count": 1, "word": "组件", "type": "n"}, {"count": 1, "word": "繁重", "type": "a"}, {"count": 1, "word": "紧急情况", "type": "l"}, {"count": 1, "word": "系统配置", "type": "n"}, {"count": 1, "word": "系统管理", "type": "n"}, {"count": 1, "word": "系统命令", "type": "n"}, {"count": 1, "word": "系统优化", "type": "n"}, {"count": 1, "word": "系列", "type": "q"}, {"count": 1, "word": "精英", "type": "n"}, {"count": 1, "word": "精深", "type": "a"}, {"count": 1, "word": "类目", "type": "n"}, {"count": 1, "word": "类别", "type": "n"}, {"count": 1, "word": "类似", "type": "v"}, {"count": 1, "word": "管理系统", "type": "n"}, {"count": 1, "word": "管理工作", "type": "n"}, {"count": 1, "word": "第二", "type": "m"}, {"count": 1, "word": "竹子", "type": "n"}, {"count": 1, "word": "突发", "type": "v"}, {"count": 1, "word": "稳重", "type": "a"}, {"count": 1, "word": "程序结构", "type": "n"}, {"count": 1, "word": "程序模块", "type": "n"}, {"count": 1, "word": "程序修改", "type": "nr"}, {"count": 1, "word": "科学", "type": "n"}, {"count": 1, "word": "科园", "type": "n"}, {"count": 1, "word": "离线", "type": "n"}, {"count": 1, "word": "社保", "type": "j"}, {"count": 1, "word": "硬件", "type": "n"}, {"count": 1, "word": "短期", "type": "b"}, {"count": 1, "word": "短时间", "type": "n"}, {"count": 1, "word": "知道", "type": "v"}, {"count": 1, "word": "知识结构", "type": "n"}, {"count": 1, "word": "知识库", "type": "n"}, {"count": 1, "word": "知名", "type": "v"}, {"count": 1, "word": "看重", "type": "v"}, {"count": 1, "word": "看到", "type": "v"}, {"count": 1, "word": "省外", "type": "s"}, {"count": 1, "word": "直播", "type": "vn"}, {"count": 1, "word": "目的", "type": "n"}, {"count": 1, "word": "目标", "type": "n"}, {"count": 1, "word": "盒子", "type": "n"}, {"count": 1, "word": "百度", "type": "n"}, {"count": 1, "word": "百分比", "type": "n"}, {"count": 1, "word": "百万", "type": "m"}, {"count": 1, "word": "电路设计", "type": "n"}, {"count": 1, "word": "电话", "type": "n"}, {"count": 1, "word": "电脑", "type": "n"}, {"count": 1, "word": "申请", "type": "v"}, {"count": 1, "word": "用户手册", "type": "n"}, {"count": 1, "word": "生活", "type": "vn"}, {"count": 1, "word": "生产", "type": "vn"}, {"count": 1, "word": "甚至", "type": "d"}, {"count": 1, "word": "理性", "type": "n"}, {"count": 1, "word": "理念", "type": "n"}, {"count": 1, "word": "现行", "type": "n"}, {"count": 1, "word": "现在", "type": "t"}, {"count": 1, "word": "环境规划", "type": "n"}, {"count": 1, "word": "独到", "type": "v"}, {"count": 1, "word": "特效", "type": "a"}, {"count": 1, "word": "热情", "type": "n"}, {"count": 1, "word": "灵活", "type": "a"}, {"count": 1, "word": "灵敏", "type": "nr"}, {"count": 1, "word": "满意度", "type": "ns"}, {"count": 1, "word": "源程序", "type": "n"}, {"count": 1, "word": "渠道", "type": "n"}, {"count": 1, "word": "深层次", "type": "b"}, {"count": 1, "word": "深刻", "type": "d"}, {"count": 1, "word": "消息中间件", "type": "l"}, {"count": 1, "word": "消化", "type": "vn"}, {"count": 1, "word": "海路", "type": "n"}, {"count": 1, "word": "浓厚", "type": "a"}, {"count": 1, "word": "测试计划", "type": "nz"}, {"count": 1, "word": "测试环境", "type": "n"}, {"count": 1, "word": "活跃", "type": "vn"}, {"count": 1, "word": "活动室", "type": "n"}, {"count": 1, "word": "活力", "type": "n"}, {"count": 1, "word": "津贴", "type": "n"}, {"count": 1, "word": "注明", "type": "v"}, {"count": 1, "word": "泄漏", "type": "v"}, {"count": 1, "word": "沿海", "type": "f"}, {"count": 1, "word": "油嘴滑舌", "type": "i"}, {"count": 1, "word": "没有", "type": "v"}, {"count": 1, "word": "汇报", "type": "nz"}, {"count": 1, "word": "毕业生", "type": "n"}, {"count": 1, "word": "比如", "type": "v"}, {"count": 1, "word": "每日", "type": "r"}, {"count": 1, "word": "每周", "type": "r"}, {"count": 1, "word": "每半年", "type": "l"}, {"count": 1, "word": "毅力", "type": "n"}, {"count": 1, "word": "模拟", "type": "v"}, {"count": 1, "word": "概要", "type": "v"}, {"count": 1, "word": "梦想", "type": "n"}, {"count": 1, "word": "格式", "type": "n"}, {"count": 1, "word": "核心成员", "type": "n"}, {"count": 1, "word": "样式", "type": "n"}, {"count": 1, "word": "栏目", "type": "n"}, {"count": 1, "word": "标题", "type": "n"}, {"count": 1, "word": "标准化", "type": "vn"}, {"count": 1, "word": "架设", "type": "vn"}, {"count": 1, "word": "架构师", "type": "n"}, {"count": 1, "word": "极高", "type": "a"}, {"count": 1, "word": "板块", "type": "n"}, {"count": 1, "word": "来到", "type": "v"}, {"count": 1, "word": "机型", "type": "n"}, {"count": 1, "word": "期权", "type": "n"}, {"count": 1, "word": "期望", "type": "v"}, {"count": 1, "word": "期待", "type": "v"}, {"count": 1, "word": "服务化", "type": "n"}, {"count": 1, "word": "服从安排", "type": "n"}, {"count": 1, "word": "有点", "type": "n"}, {"count": 1, "word": "有条理", "type": "l"}, {"count": 1, "word": "有所", "type": "n"}, {"count": 1, "word": "有恒心", "type": "l"}, {"count": 1, "word": "有关", "type": "vn"}, {"count": 1, "word": "有中", "type": "r"}, {"count": 1, "word": "最高", "type": "a"}, {"count": 1, "word": "最新动向", "type": "n"}, {"count": 1, "word": "最少", "type": "d"}, {"count": 1, "word": "最大", "type": "a"}, {"count": 1, "word": "最佳", "type": "z"}, {"count": 1, "word": "更新", "type": "d"}, {"count": 1, "word": "普通话", "type": "n"}, {"count": 1, "word": "晚餐", "type": "n"}, {"count": 1, "word": "晚上", "type": "t"}, {"count": 1, "word": "星蝶", "type": "n"}, {"count": 1, "word": "易维护性", "type": "nr"}, {"count": 1, "word": "易用性", "type": "nr"}, {"count": 1, "word": "时刻", "type": "n"}, {"count": 1, "word": "时候", "type": "n"}, {"count": 1, "word": "早上", "type": "t"}, {"count": 1, "word": "无线通信", "type": "l"}, {"count": 1, "word": "无私", "type": "b"}, {"count": 1, "word": "无法", "type": "n"}, {"count": 1, "word": "无微", "type": "d"}, {"count": 1, "word": "旗舰店", "type": "v"}, {"count": 1, "word": "文博", "type": "nr"}, {"count": 1, "word": "文件", "type": "n"}, {"count": 1, "word": "数据类型", "type": "n"}, {"count": 1, "word": "数学", "type": "n"}, {"count": 1, "word": "教育", "type": "vn"}, {"count": 1, "word": "敏锐", "type": "a"}, {"count": 1, "word": "敏感度", "type": "n"}, {"count": 1, "word": "敏感", "type": "a"}, {"count": 1, "word": "故障", "type": "n"}, {"count": 1, "word": "政务", "type": "n"}, {"count": 1, "word": "放开", "type": "v"}, {"count": 1, "word": "攻克", "type": "v"}, {"count": 1, "word": "改善", "type": "v"}, {"count": 1, "word": "收尾", "type": "n"}, {"count": 1, "word": "支持", "type": "v"}, {"count": 1, "word": "支付宝", "type": "nr"}, {"count": 1, "word": "擅长", "type": "v"}, {"count": 1, "word": "搞定", "type": "v"}, {"count": 1, "word": "搜索", "type": "v"}, {"count": 1, "word": "提议", "type": "v"}, {"count": 1, "word": "提倡", "type": "v"}, {"count": 1, "word": "推荐", "type": "v"}, {"count": 1, "word": "推广应用", "type": "i"}, {"count": 1, "word": "推动", "type": "v"}, {"count": 1, "word": "控并", "type": "v"}, {"count": 1, "word": "控制", "type": "v"}, {"count": 1, "word": "接手", "type": "v"}, {"count": 1, "word": "接入", "type": "v"}, {"count": 1, "word": "探索", "type": "v"}, {"count": 1, "word": "排名", "type": "v"}, {"count": 1, "word": "授权", "type": "v"}, {"count": 1, "word": "损失", "type": "n"}, {"count": 1, "word": "挑剔", "type": "v"}, {"count": 1, "word": "按量", "type": "d"}, {"count": 1, "word": "指引", "type": "v"}, {"count": 1, "word": "指导", "type": "n"}, {"count": 1, "word": "拉木拉", "type": "ns"}, {"count": 1, "word": "抽取", "type": "v"}, {"count": 1, "word": "报表", "type": "n"}, {"count": 1, "word": "报告", "type": "n"}, {"count": 1, "word": "投入", "type": "v"}, {"count": 1, "word": "技术实力", "type": "n"}, {"count": 1, "word": "技术员", "type": "n"}, {"count": 1, "word": "承诺", "type": "v"}, {"count": 1, "word": "手写", "type": "n"}, {"count": 1, "word": "所有", "type": "b"}, {"count": 1, "word": "所属", "type": "b"}, {"count": 1, "word": "或非", "type": "c"}, {"count": 1, "word": "成长", "type": "v"}, {"count": 1, "word": "成都市", "type": "ns"}, {"count": 1, "word": "成熟", "type": "a"}, {"count": 1, "word": "成果", "type": "n"}, {"count": 1, "word": "成员", "type": "n"}, {"count": 1, "word": "懂得", "type": "v"}, {"count": 1, "word": "意向", "type": "n"}, {"count": 1, "word": "想要", "type": "v"}, {"count": 1, "word": "想着", "type": "v"}, {"count": 1, "word": "想到", "type": "v"}, {"count": 1, "word": "悟性", "type": "n"}, {"count": 1, "word": "总结", "type": "n"}, {"count": 1, "word": "总监", "type": "n"}, {"count": 1, "word": "怪异", "type": "a"}, {"count": 1, "word": "性能需求", "type": "n"}, {"count": 1, "word": "性格开朗", "type": "n"}, {"count": 1, "word": "忽略", "type": "d"}, {"count": 1, "word": "志同道合", "type": "i"}, {"count": 1, "word": "必需", "type": "v"}, {"count": 1, "word": "必要", "type": "d"}, {"count": 1, "word": "心胸开阔", "type": "i"}, {"count": 1, "word": "心态", "type": "n"}, {"count": 1, "word": "微博", "type": "a"}, {"count": 1, "word": "很快", "type": "d"}, {"count": 1, "word": "很好", "type": "a"}, {"count": 1, "word": "往往", "type": "t"}, {"count": 1, "word": "形式", "type": "n"}, {"count": 1, "word": "开朗", "type": "ns"}, {"count": 1, "word": "开放平台", "type": "nz"}, {"count": 1, "word": "开始", "type": "v"}, {"count": 1, "word": "开发阶段", "type": "n"}, {"count": 1, "word": "开发进度", "type": "n"}, {"count": 1, "word": "开发方式", "type": "nz"}, {"count": 1, "word": "开发周期", "type": "n"}, {"count": 1, "word": "开创", "type": "v"}, {"count": 1, "word": "开关", "type": "v"}, {"count": 1, "word": "建设性", "type": "n"}, {"count": 1, "word": "建站", "type": "n"}, {"count": 1, "word": "店铺", "type": "n"}, {"count": 1, "word": "底层", "type": "n"}, {"count": 1, "word": "应用领域", "type": "l"}, {"count": 1, "word": "应急", "type": "vn"}, {"count": 1, "word": "应届", "type": "v"}, {"count": 1, "word": "应变", "type": "v"}, {"count": 1, "word": "广告", "type": "n"}, {"count": 1, "word": "并行", "type": "v"}, {"count": 1, "word": "年龄", "type": "n"}, {"count": 1, "word": "年终奖", "type": "n"}, {"count": 1, "word": "年收入", "type": "n"}, {"count": 1, "word": "年休假", "type": "t"}, {"count": 1, "word": "干活", "type": "a"}, {"count": 1, "word": "常规", "type": "n"}, {"count": 1, "word": "常用软件", "type": "l"}, {"count": 1, "word": "带来", "type": "v"}, {"count": 1, "word": "市面", "type": "n"}, {"count": 1, "word": "已有", "type": "v"}, {"count": 1, "word": "差钱", "type": "n"}, {"count": 1, "word": "差补", "type": "l"}, {"count": 1, "word": "差异", "type": "n"}, {"count": 1, "word": "差别", "type": "d"}, {"count": 1, "word": "工作餐", "type": "n"}, {"count": 1, "word": "工作日", "type": "n"}, {"count": 1, "word": "工作效率", "type": "n"}, {"count": 1, "word": "嵌入式", "type": "nz"}, {"count": 1, "word": "属于", "type": "v"}, {"count": 1, "word": "展示", "type": "v"}, {"count": 1, "word": "尽量", "type": "d"}, {"count": 1, "word": "尽职尽责", "type": "l"}, {"count": 1, "word": "就是", "type": "d"}, {"count": 1, "word": "尤佳", "type": "nr"}, {"count": 1, "word": "小型", "type": "b"}, {"count": 1, "word": "小伙伴", "type": "n"}, {"count": 1, "word": "富有", "type": "v"}, {"count": 1, "word": "容易", "type": "a"}, {"count": 1, "word": "容器", "type": "n"}, {"count": 1, "word": "家庭", "type": "n"}, {"count": 1, "word": "室外", "type": "s"}, {"count": 1, "word": "客服", "type": "n"}, {"count": 1, "word": "客户端程序", "type": "n"}, {"count": 1, "word": "客户服务", "type": "n"}, {"count": 1, "word": "实用型", "type": "n"}, {"count": 1, "word": "实木", "type": "n"}, {"count": 1, "word": "定期维护", "type": "v"}, {"count": 1, "word": "官网", "type": "n"}, {"count": 1, "word": "完美主义", "type": "nz"}, {"count": 1, "word": "完全", "type": "ad"}, {"count": 1, "word": "安排", "type": "v"}, {"count": 1, "word": "安卓", "type": "nr"}, {"count": 1, "word": "安全意识", "type": "i"}, {"count": 1, "word": "学历", "type": "n"}, {"count": 1, "word": "学力", "type": "n"}, {"count": 1, "word": "存档", "type": "v"}, {"count": 1, "word": "存储系统", "type": "n"}, {"count": 1, "word": "存储技术", "type": "n"}, {"count": 1, "word": "字典", "type": "n"}, {"count": 1, "word": "娱乐活动", "type": "n"}, {"count": 1, "word": "好高骛远", "type": "i"}, {"count": 1, "word": "好学", "type": "n"}, {"count": 1, "word": "好奇", "type": "a"}, {"count": 1, "word": "头脑", "type": "n"}, {"count": 1, "word": "天津市", "type": "ns"}, {"count": 1, "word": "天津", "type": "ns"}, {"count": 1, "word": "大家庭", "type": "nr"}, {"count": 1, "word": "大学专科", "type": "n"}, {"count": 1, "word": "大学", "type": "n"}, {"count": 1, "word": "大众", "type": "n"}, {"count": 1, "word": "多项", "type": "m"}, {"count": 1, "word": "多任务", "type": "n"}, {"count": 1, "word": "复杂", "type": "a"}, {"count": 1, "word": "备份", "type": "n"}, {"count": 1, "word": "墨迹", "type": "n"}, {"count": 1, "word": "增添", "type": "v"}, {"count": 1, "word": "增强", "type": "v"}, {"count": 1, "word": "基础理论", "type": "n"}, {"count": 1, "word": "基础架构", "type": "n"}, {"count": 1, "word": "基本操作", "type": "n"}, {"count": 1, "word": "基本原理", "type": "n"}, {"count": 1, "word": "域名解析", "type": "n"}, {"count": 1, "word": "城市", "type": "ns"}, {"count": 1, "word": "坦荡", "type": "v"}, {"count": 1, "word": "均衡", "type": "a"}, {"count": 1, "word": "地方", "type": "n"}, {"count": 1, "word": "在校", "type": "v"}, {"count": 1, "word": "图像识别", "type": "n"}, {"count": 1, "word": "国外", "type": "s"}, {"count": 1, "word": "固定", "type": "a"}, {"count": 1, "word": "囫囵", "type": "d"}, {"count": 1, "word": "团结", "type": "a"}, {"count": 1, "word": "团体", "type": "n"}, {"count": 1, "word": "回馈", "type": "v"}, {"count": 1, "word": "回来", "type": "v"}, {"count": 1, "word": "商贸", "type": "n"}, {"count": 1, "word": "商务", "type": "n"}, {"count": 1, "word": "和运维", "type": "nz"}, {"count": 1, "word": "吸金", "type": "n"}, {"count": 1, "word": "后期", "type": "t"}, {"count": 1, "word": "后方", "type": "f"}, {"count": 1, "word": "同微", "type": "d"}, {"count": 1, "word": "合汇", "type": "n"}, {"count": 1, "word": "各方", "type": "r"}, {"count": 1, "word": "可靠性", "type": "n"}, {"count": 1, "word": "可行性", "type": "n"}, {"count": 1, "word": "可能", "type": "v"}, {"count": 1, "word": "可用", "type": "v"}, {"count": 1, "word": "变化", "type": "vn"}, {"count": 1, "word": "发掘", "type": "v"}, {"count": 1, "word": "发展趋向", "type": "l"}, {"count": 1, "word": "发展趋势", "type": "l"}, {"count": 1, "word": "友谊", "type": "nr"}, {"count": 1, "word": "友善", "type": "a"}, {"count": 1, "word": "及同", "type": "c"}, {"count": 1, "word": "参加", "type": "v"}, {"count": 1, "word": "原型", "type": "n"}, {"count": 1, "word": "即可", "type": "d"}, {"count": 1, "word": "单片机", "type": "n"}, {"count": 1, "word": "单元", "type": "n"}, {"count": 1, "word": "卓越", "type": "nr"}, {"count": 1, "word": "协调系统", "type": "n"}, {"count": 1, "word": "千万级", "type": "m"}, {"count": 1, "word": "十几年", "type": "m"}, {"count": 1, "word": "十六", "type": "m"}, {"count": 1, "word": "十三", "type": "m"}, {"count": 1, "word": "医疗保险", "type": "n"}, {"count": 1, "word": "北上", "type": "f"}, {"count": 1, "word": "化有", "type": "v"}, {"count": 1, "word": "勤奋好学", "type": "l"}, {"count": 1, "word": "勤奋", "type": "a"}, {"count": 1, "word": "勤于思考", "type": "l"}, {"count": 1, "word": "勇于创新", "type": "l"}, {"count": 1, "word": "动画", "type": "n"}, {"count": 1, "word": "动态", "type": "n"}, {"count": 1, "word": "加盟者", "type": "n"}, {"count": 1, "word": "加盟", "type": "ns"}, {"count": 1, "word": "加班费", "type": "n"}, {"count": 1, "word": "加入", "type": "v"}, {"count": 1, "word": "功能测试", "type": "n"}, {"count": 1, "word": "功底", "type": "n"}, {"count": 1, "word": "办法", "type": "n"}, {"count": 1, "word": "前沿技术", "type": "n"}, {"count": 1, "word": "前沿", "type": "s"}, {"count": 1, "word": "前景", "type": "n"}, {"count": 1, "word": "制订", "type": "v"}, {"count": 1, "word": "初步解决", "type": "l"}, {"count": 1, "word": "初创", "type": "n"}, {"count": 1, "word": "创意", "type": "v"}, {"count": 1, "word": "创一", "type": "vn"}, {"count": 1, "word": "列举", "type": "v"}, {"count": 1, "word": "分配", "type": "vn"}, {"count": 1, "word": "分表", "type": "n"}, {"count": 1, "word": "分离", "type": "v"}, {"count": 1, "word": "分库", "type": "n"}, {"count": 1, "word": "函数", "type": "n"}, {"count": 1, "word": "出色", "type": "v"}, {"count": 1, "word": "出活", "type": "vn"}, {"count": 1, "word": "出差", "type": "v"}, {"count": 1, "word": "出具", "type": "v"}, {"count": 1, "word": "几种", "type": "m"}, {"count": 1, "word": "准确", "type": "a"}, {"count": 1, "word": "准备", "type": "v"}, {"count": 1, "word": "决策", "type": "n"}, {"count": 1, "word": "写入", "type": "v"}, {"count": 1, "word": "内存", "type": "n"}, {"count": 1, "word": "兼容性", "type": "l"}, {"count": 1, "word": "关键问题", "type": "n"}, {"count": 1, "word": "关于", "type": "p"}, {"count": 1, "word": "六日", "type": "t"}, {"count": 1, "word": "全部", "type": "n"}, {"count": 1, "word": "全勤奖", "type": "nz"}, {"count": 1, "word": "全力", "type": "n"}, {"count": 1, "word": "健身房", "type": "n"}, {"count": 1, "word": "健身", "type": "v"}, {"count": 1, "word": "倾听", "type": "v"}, {"count": 1, "word": "借助", "type": "v"}, {"count": 1, "word": "修养", "type": "v"}, {"count": 1, "word": "信息", "type": "n"}, {"count": 1, "word": "信心", "type": "n"}, {"count": 1, "word": "信号", "type": "n"}, {"count": 1, "word": "保障线", "type": "n"}, {"count": 1, "word": "保障系统", "type": "n"}, {"count": 1, "word": "保持良好", "type": "n"}, {"count": 1, "word": "保底", "type": "n"}, {"count": 1, "word": "保密", "type": "n"}, {"count": 1, "word": "体育", "type": "vn"}, {"count": 1, "word": "体现", "type": "v"}, {"count": 1, "word": "体检", "type": "v"}, {"count": 1, "word": "但是", "type": "c"}, {"count": 1, "word": "传递", "type": "v"}, {"count": 1, "word": "传输", "type": "vn"}, {"count": 1, "word": "优雅", "type": "a"}, {"count": 1, "word": "优缺点", "type": "n"}, {"count": 1, "word": "优异", "type": "a"}, {"count": 1, "word": "众多", "type": "m"}, {"count": 1, "word": "众创", "type": "n"}, {"count": 1, "word": "休假", "type": "v"}, {"count": 1, "word": "企业", "type": "n"}, {"count": 1, "word": "任务调度", "type": "n"}, {"count": 1, "word": "任何人", "type": "r"}, {"count": 1, "word": "代码优化", "type": "n"}, {"count": 1, "word": "他人", "type": "r"}, {"count": 1, "word": "介绍", "type": "v"}, {"count": 1, "word": "人数", "type": "n"}, {"count": 1, "word": "人才", "type": "n"}, {"count": 1, "word": "人士", "type": "n"}, {"count": 1, "word": "人云亦云", "type": "i"}, {"count": 1, "word": "人为", "type": "n"}, {"count": 1, "word": "产品软件", "type": "l"}, {"count": 1, "word": "产品质量", "type": "n"}, {"count": 1, "word": "交通", "type": "n"}, {"count": 1, "word": "交给", "type": "v"}, {"count": 1, "word": "互联网协议", "type": "n"}, {"count": 1, "word": "二路", "type": "m"}, {"count": 1, "word": "二本", "type": "ns"}, {"count": 1, "word": "事物", "type": "n"}, {"count": 1, "word": "事务", "type": "n"}, {"count": 1, "word": "事件处理", "type": "l"}, {"count": 1, "word": "事业心", "type": "n"}, {"count": 1, "word": "书写", "type": "n"}, {"count": 1, "word": "习惯于", "type": "v"}, {"count": 1, "word": "乒乓球", "type": "n"}, {"count": 1, "word": "乐于助人", "type": "i"}, {"count": 1, "word": "之间", "type": "f"}, {"count": 1, "word": "之外", "type": "f"}, {"count": 1, "word": "之二", "type": "r"}, {"count": 1, "word": "主要职责", "type": "l"}, {"count": 1, "word": "主站", "type": "n"}, {"count": 1, "word": "主动性", "type": "b"}, {"count": 1, "word": "主从", "type": "n"}, {"count": 1, "word": "为入", "type": "v"}, {"count": 1, "word": "中等", "type": "b"}, {"count": 1, "word": "中心", "type": "n"}, {"count": 1, "word": "严格遵守", "type": "nr"}, {"count": 1, "word": "严格要求", "type": "l"}, {"count": 1, "word": "严密", "type": "a"}, {"count": 1, "word": "业务部门", "type": "n"}, {"count": 1, "word": "专线", "type": "n"}, {"count": 1, "word": "专注", "type": "v"}, {"count": 1, "word": "不错", "type": "a"}, {"count": 1, "word": "不许", "type": "d"}, {"count": 1, "word": "不是", "type": "c"}, {"count": 1, "word": "不懂装懂", "type": "l"}, {"count": 1, "word": "不惜代价", "type": "i"}, {"count": 1, "word": "不定期", "type": "d"}, {"count": 1, "word": "下达", "type": "v"}, {"count": 1, "word": "下班", "type": "v"}, {"count": 1, "word": "下午", "type": "t"}, {"count": 1, "word": "上进心", "type": "nt"}, {"count": 1, "word": "上有", "type": "v"}, {"count": 1, "word": "上午", "type": "t"}, {"count": 1, "word": "上传", "type": "v"}, {"count": 1, "word": "三期", "type": "t"}, {"count": 1, "word": "万起", "type": "m"}, {"count": 1, "word": "一笔", "type": "m"}, {"count": 1, "word": "一知半解", "type": "i"}, {"count": 1, "word": "一款", "type": "m"}, {"count": 1, "word": "一条", "type": "m"}, {"count": 1, "word": "一双", "type": "m"}, {"count": 1, "word": "一份", "type": "m"}, {"count": 1, "word": "一两项", "type": "m"}, {"count": 1, "word": "zhuzi", "type": "eng"}, {"count": 1, "word": "zabbix", "type": "eng"}, {"count": 1, "word": "yui", "type": "eng"}, {"count": 1, "word": "yii2", "type": "eng"}, {"count": 1, "word": "xslt", "type": "eng"}, {"count": 1, "word": "xen", "type": "eng"}, {"count": 1, "word": "www", "type": "eng"}, {"count": 1, "word": "wordpfess", "type": "eng"}, {"count": 1, "word": "word", "type": "eng"}, {"count": 1, "word": "vuejs", "type": "eng"}, {"count": 1, "word": "vuejqueryyuimootoolsdojo", "type": "eng"}, {"count": 1, "word": "vue", "type": "eng"}, {"count": 1, "word": "vpc", "type": "eng"}, {"count": 1, "word": "url", "type": "eng"}, {"count": 1, "word": "traceview32", "type": "eng"}, {"count": 1, "word": "tp", "type": "eng"}, {"count": 1, "word": "tomcat", "type": "eng"}, {"count": 1, "word": "thinlphp", "type": "eng"}, {"count": 1, "word": "thinkphpphalcon4", "type": "eng"}, {"count": 1, "word": "tcp", "type": "eng"}, {"count": 1, "word": "symfony", "type": "eng"}, {"count": 1, "word": "storm", "type": "eng"}, {"count": 1, "word": "store", "type": "eng"}, {"count": 1, "word": "squid", "type": "eng"}, {"count": 1, "word": "spring", "type": "eng"}, {"count": 1, "word": "spirng", "type": "eng"}, {"count": 1, "word": "sphinx", "type": "eng"}, {"count": 1, "word": "spark", "type": "eng"}, {"count": 1, "word": "smart", "type": "eng"}, {"count": 1, "word": "slave", "type": "eng"}, {"count": 1, "word": "shopnc", "type": "eng"}, {"count": 1, "word": "selenium", "type": "eng"}, {"count": 1, "word": "sed", "type": "eng"}, {"count": 1, "word": "sdn", "type": "eng"}, {"count": 1, "word": "sdk", "type": "eng"}, {"count": 1, "word": "review", "type": "eng"}, {"count": 1, "word": "restfull", "type": "eng"}, {"count": 1, "word": "react", "type": "eng"}, {"count": 1, "word": "psr2", "type": "eng"}, {"count": 1, "word": "prototype", "type": "eng"}, {"count": 1, "word": "ppt", "type": "eng"}, {"count": 1, "word": "powerdesigner", "type": "eng"}, {"count": 1, "word": "piv", "type": "eng"}, {"count": 1, "word": "phpweb", "type": "eng"}, {"count": 1, "word": "phpcms", "type": "eng"}, {"count": 1, "word": "php72", "type": "eng"}, {"count": 1, "word": "photoshop", "type": "eng"}, {"count": 1, "word": "phalcon", "type": "eng"}, {"count": 1, "word": "pep", "type": "eng"}, {"count": 1, "word": "pc", "type": "eng"}, {"count": 1, "word": "oss", "type": "eng"}, {"count": 1, "word": "office", "type": "eng"}, {"count": 1, "word": "oauth", "type": "eng"}, {"count": 1, "word": "oa", "type": "eng"}, {"count": 1, "word": "nodejs", "type": "eng"}, {"count": 1, "word": "netty", "type": "eng"}, {"count": 1, "word": "nagios", "type": "eng"}, {"count": 1, "word": "mybatis", "type": "eng"}, {"count": 1, "word": "mssql", "type": "eng"}, {"count": 1, "word": "mq", "type": "eng"}, {"count": 1, "word": "mongodb5", "type": "eng"}, {"count": 1, "word": "mongo", "type": "eng"}, {"count": 1, "word": "mobile", "type": "eng"}, {"count": 1, "word": "memcahed", "type": "eng"}, {"count": 1, "word": "me", "type": "eng"}, {"count": 1, "word": "master", "type": "eng"}, {"count": 1, "word": "make1", "type": "eng"}, {"count": 1, "word": "lnmp7", "type": "eng"}, {"count": 1, "word": "linux4", "type": "eng"}, {"count": 1, "word": "lighttpd", "type": "eng"}, {"count": 1, "word": "lamplnmp", "type": "eng"}, {"count": 1, "word": "kvm", "type": "eng"}, {"count": 1, "word": "kppw", "type": "eng"}, {"count": 1, "word": "jsp", "type": "eng"}, {"count": 1, "word": "jq", "type": "eng"}, {"count": 1, "word": "javascripe", "type": "eng"}, {"count": 1, "word": "it", "type": "eng"}, {"count": 1, "word": "ip", "type": "eng"}, {"count": 1, "word": "ios6", "type": "eng"}, {"count": 1, "word": "io", "type": "eng"}, {"count": 1, "word": "idc", "type": "eng"}, {"count": 1, "word": "htmlxhtml", "type": "eng"}, {"count": 1, "word": "htmlcssjs", "type": "eng"}, {"count": 1, "word": "htmlcssjavascript", "type": "eng"}, {"count": 1, "word": "hmtl", "type": "eng"}, {"count": 1, "word": "hive", "type": "eng"}, {"count": 1, "word": "hbase", "type": "eng"}, {"count": 1, "word": "ha", "type": "eng"}, {"count": 1, "word": "greeplum", "type": "eng"}, {"count": 1, "word": "go", "type": "eng"}, {"count": 1, "word": "gd", "type": "eng"}, {"count": 1, "word": "fpga", "type": "eng"}, {"count": 1, "word": "flex", "type": "eng"}, {"count": 1, "word": "flask", "type": "eng"}, {"count": 1, "word": "extjs", "type": "eng"}, {"count": 1, "word": "ext", "type": "eng"}, {"count": 1, "word": "excel", "type": "eng"}, {"count": 1, "word": "ess", "type": "eng"}, {"count": 1, "word": "enjoy", "type": "eng"}, {"count": 1, "word": "ecs", "type": "eng"}, {"count": 1, "word": "eclipse", "type": "eng"}, {"count": 1, "word": "dubbo", "type": "eng"}, {"count": 1, "word": "dreamweaver", "type": "eng"}, {"count": 1, "word": "dojo", "type": "eng"}, {"count": 1, "word": "django", "type": "eng"}, {"count": 1, "word": "dhtml", "type": "eng"}, {"count": 1, "word": "demo", "type": "eng"}, {"count": 1, "word": "dedecmd", "type": "eng"}, {"count": 1, "word": "ddms", "type": "eng"}, {"count": 1, "word": "db", "type": "eng"}, {"count": 1, "word": "database", "type": "eng"}, {"count": 1, "word": "curl", "type": "eng"}, {"count": 1, "word": "cssmysqljs", "type": "eng"}, {"count": 1, "word": "csscss", "type": "eng"}, {"count": 1, "word": "composer", "type": "eng"}, {"count": 1, "word": "coding", "type": "eng"}, {"count": 1, "word": "codelgniter", "type": "eng"}, {"count": 1, "word": "code", "type": "eng"}, {"count": 1, "word": "cl", "type": "eng"}, {"count": 1, "word": "cgi", "type": "eng"}, {"count": 1, "word": "cdn", "type": "eng"}, {"count": 1, "word": "c++", "type": "nz"}, {"count": 1, "word": "awk", "type": "eng"}, {"count": 1, "word": "as", "type": "eng"}, {"count": 1, "word": "apche", "type": "eng"}, {"count": 1, "word": "android4", "type": "eng"}, {"count": 1, "word": "activemq", "type": "eng"}, {"count": 1, "word": "7.5", "type": "m"}, {"count": 1, "word": "6000", "type": "m"}, {"count": 1, "word": "5000", "type": "m"}, {"count": 1, "word": "5..", "type": "m"}, {"count": 1, "word": "446", "type": "m"}, {"count": 1, "word": "4..", "type": "m"}, {"count": 1, "word": "23", "type": "m"}, {"count": 1, "word": "20", "type": "m"}, {"count": 1, "word": "18", "type": "m"}, {"count": 1, "word": "17", "type": "m"}, {"count": 1, "word": "12.", "type": "m"}, {"count": 1, "word": "11.3", "type": "m"}, {"count": 1, "word": "10000.", "type": "m"}, {"count": 1, "word": "10000", "type": "m"}, {"count": 1, "word": "1000", "type": "m"}, {"count": 1, "word": "100", "type": "m"}, {"count": 1, "word": "1.5", "type": "m"}, {"count": 1, "word": "1.2", "type": "m"}, {"count": 1, "word": "1.1", "type": "m"}, {"count": 1, "word": ".5", "type": "m"}, {"count": 1, "word": ".2", "type": "m"}, {"count": 1, "word": "...", "type": "m"}]
