url,sender_from,sender_time,title
https://www.douban.com/doumail/141160/,豆瓣汽车站小站,2016-04-26,"
投票选出新手/本本族最常见的行为
"
https://www.douban.com/doumail/104500382/,天使在看,2016-03-15,"
您好~邀您加入“智能硬件有...
"
https://www.douban.com/doumail/113248103/,[已注销]（1）,2015-05-06,"
【５折封顶】淘宝特卖五月换...
"
https://www.douban.com/doumail/113183634/,[已注销]（1）,2015-04-23,"
【专属福利】天猫最新推出了...
"
https://www.douban.com/doumail/104469/,Shekhinah | 安娜与陈飙小站,2015-04-18,"
安娜与陈飙首张录音室专辑《GRACE》试听与预售
"
